SNID,survives,reason,n_observations,n_nights,time_span,n_bands
a3f7ac57-349f-44a8-bc11-dd101444ace1,True,passes,147.0,66.0,180.6796875,6.0
14c2643a-48e6-4bae-a2e0-20b41cdbefaf,True,passes,156.0,64.0,180.67578125,6.0
1ee3563b-4982-460e-8a6f-f609d50f62c9,True,passes,140.0,61.0,176.65234375,6.0
23af3b06-9c88-44d8-a6c2-39a062326bbf,True,passes,147.0,63.0,180.69921875,6.0
28ea9e0f-cd86-4b7e-becb-9970dd7a006c,True,passes,139.0,59.0,175.65234375,6.0
c277a753-263d-45cf-914f-cc97dce31425,True,passes,132.0,58.0,164.74609375,6.0
946a4392-911b-4e13-8d45-7b3d49d184ec,True,passes,132.0,58.0,180.6796875,6.0
d1a059cd-5fd8-4b2d-a93d-cf5fc9d1942e,True,passes,128.0,58.0,176.6484375,6.0
b7f4b026-6b06-494e-9737-a02df930e7de,True,passes,63.0,34.0,154.8046875,6.0
57245251-c21f-4736-8427-2b70bd52bdf1,True,passes,129.0,52.0,155.69921875,6.0
8a6a4c14-1d65-4c8a-949b-0e30cfcfebf3,True,passes,113.0,48.0,150.6640625,6.0
b2ed7c6a-a9d2-4199-ad29-b1144f76b671,True,passes,119.0,50.0,135.74609375,6.0
42c4d994-fd32-46c1-8099-3b39ea5eb532,True,passes,73.0,45.0,152.828125,6.0
146f71b2-92ce-40dc-9da6-58ae8b0fe316,True,passes,119.0,49.0,155.671875,6.0
bd0b7764-c21c-47f8-a4f5-fd87e7238898,True,passes,48.0,26.0,174.703125,6.0
0a5756d6-d9b8-43cf-b714-29ea71e1dea6,True,passes,102.0,49.0,155.70703125,6.0
ae38e3e6-8672-4d19-b705-2882052a71b0,True,passes,110.0,48.0,148.671875,6.0
99687a54-b492-48f4-9c66-ed4e084bbf74,True,passes,125.0,47.0,151.84375,6.0
668d78ca-8052-4c7d-91cf-f5cb65b383c3,True,passes,106.0,47.0,147.6640625,6.0
0a778372-de88-4501-8e2c-c0c397ad9f21,True,passes,12.0,9.0,149.88671875,6.0
eb51c31d-5c99-4b76-adcb-5f94989e0d14,True,passes,110.0,47.0,161.734375,6.0
19d9479a-ef15-433e-b6a8-7a4ddb0b324c,True,passes,557.0,46.0,155.75,6.0
dbce04ab-1a55-4d43-abb2-b24a53e4fb2a,True,passes,88.0,47.0,227.0859375,4.0
7a8f8f76-0b79-4f89-a651-f80c83c35163,True,passes,105.0,46.0,126.74609375,6.0
dbda58d4-cd03-41db-a624-a261cf1d6897,True,passes,103.0,46.0,121.7890625,6.0
00143d0c-fe4a-4ab3-ab88-6ad47acd757a,True,passes,108.0,45.0,155.671875,6.0
47db9e75-b5ed-433a-85a8-34577680d136,True,passes,12.0,9.0,109.7578125,5.0
56c5d441-0ce5-40a3-97df-ae8a43076a20,True,passes,101.0,45.0,126.734375,6.0
dba53e99-8d9c-428e-b79e-3bdad5c61cde,True,passes,22.0,19.0,112.828125,4.0
4ccf49be-18b4-495d-a0c8-0c584a9228f6,True,passes,91.0,44.0,155.66796875,6.0
428ad889-f745-4eba-8bc3-8c0c7fb75987,True,passes,251.0,36.0,174.6796875,6.0
0a2885b0-55e8-47e2-a4e3-5cb044d4b937,True,passes,25.0,17.0,109.7578125,6.0
8f44ac1b-bd5d-4d3d-b608-8e50ba1fc7c7,True,passes,97.0,44.0,131.70703125,6.0
8f1cdc54-86e8-454c-95db-892ec8e0920e,True,passes,65.0,37.0,171.69921875,6.0
89faf71a-a2d8-4ca3-a91e-b136205005d4,True,passes,9.0,8.0,109.7578125,4.0
eb20f57e-c0ba-4201-b052-71040f9f40fb,True,passes,82.0,40.0,152.83203125,6.0
c28abfed-107e-4cd7-b506-54311b8a5f52,True,passes,95.0,42.0,150.66796875,6.0
3d6177e3-04b2-4ecf-804a-f37e41c40c2f,True,passes,18.0,12.0,112.83203125,6.0
fabfaa53-f770-4851-a62a-f51a5aa432ff,True,passes,18.0,12.0,109.7578125,5.0
28da67db-05ce-4158-a31c-f83bc9684c85,True,passes,18.0,15.0,112.828125,6.0
e63ba214-e920-4e33-8f86-974a9ed0f16c,True,passes,77.0,43.0,243.0859375,4.0
dbdb7114-65ee-4916-9f95-42ef7a2d0d4c,True,passes,65.0,31.0,69.98046875,6.0
db92940a-8265-425b-bde4-58c61de74657,True,passes,72.0,43.0,250.19921875,4.0
51f4ad79-e171-4a85-ac92-b8889ea95d8e,True,passes,90.0,41.0,122.7578125,6.0
5c0a0944-be92-489a-b4bc-50d0f57bc816,True,passes,108.0,41.0,146.6640625,6.0
5729f8df-b45d-466c-8ba1-5126219cff34,True,passes,32.0,26.0,113.79296875,4.0
dbdefb84-ab57-4bfc-a125-b07579988d91,True,passes,17.0,12.0,109.7578125,6.0
572559a2-0ac9-4d1b-8e5b-3f77752ad74c,True,passes,90.0,40.0,154.73828125,6.0
29295677-89a3-4872-a078-a79c73ad5e9e,True,passes,45.0,30.0,147.83984375,5.0
479390b7-c542-4771-b1ff-17dd9e818ffe,True,passes,43.0,29.0,112.828125,6.0
99c611b2-6564-453d-94fc-5f4bb74a1378,True,passes,29.0,20.0,68.984375,5.0
b33ddde0-35aa-4ac3-8650-ac342572aca0,True,passes,490.0,43.0,176.65625,6.0
c75c814f-e97e-41ff-98b3-cfb2c376a341,True,passes,80.0,41.0,143.6640625,5.0
bd017038-491b-4321-a9eb-aa9f1b29531f,True,passes,86.0,39.0,132.7265625,6.0
d1bad737-2f35-4a3c-b9cc-07e6352d097a,True,passes,24.0,17.0,110.703125,6.0
3356adad-e7cc-46e5-a283-b3d5fa242ab9,True,passes,45.0,21.0,103.87890625,5.0
7093caa8-503b-467c-8a1d-62068d2e527a,True,passes,19.0,13.0,112.828125,6.0
bd18b2c0-b387-47d2-985e-41955811a008,True,passes,95.0,39.0,151.6640625,6.0
05888454-11ba-4cc1-9730-bb11ea4d5b5f,True,passes,83.0,38.0,115.81640625,6.0
a8e61112-7bb9-475d-8d39-d1a0c1babfe5,True,passes,93.0,39.0,155.68359375,5.0
1e997c01-867e-43d6-8e65-501f602c2582,True,passes,66.0,41.0,246.16796875,4.0
0a7f1fc5-4c42-4893-9785-85b8b4d24d86,True,passes,81.0,39.0,130.70703125,6.0
eb499692-e445-42c8-9249-24426ce54e21,True,passes,13.0,10.0,109.7578125,5.0
2e11469a-014f-42fc-bee7-faf3db0d854e,True,passes,16.0,13.0,68.984375,4.0
a3e0b193-f9c8-4fb8-933c-b9fa46cea2b4,True,passes,19.0,13.0,109.7578125,5.0
c7742d82-4934-46a9-aaa6-25c40b67e1f7,True,passes,22.0,15.0,109.7578125,5.0
e5f50bc3-2fb8-4beb-9bb8-9f6d52e2ea95,True,passes,28.0,17.0,113.80078125,6.0
8a11624b-e33c-468a-94d8-f1fd77aa0016,True,passes,106.0,39.0,116.76953125,6.0
1e8a31b9-1755-4f6a-891e-1d6b5c9f4cd5,True,passes,13.0,10.0,109.7578125,4.0
757dcc73-26b4-462b-b2db-f65c06e93c4a,True,passes,88.0,38.0,114.76171875,6.0
003351c8-54e3-4c9d-bd30-75d182ca79eb,True,passes,27.0,22.0,109.7578125,6.0
eb6b612c-4fe3-4b22-a061-af3efdeb3936,True,passes,437.0,35.0,113.83984375,5.0
19898c3a-46fb-4f17-8d03-ae5b208bd820,True,passes,62.0,39.0,245.27734375,4.0
47dc4b9e-d800-4f53-9b89-a252a47c8ae5,True,passes,60.0,39.0,245.27734375,4.0
6bb224d2-1a26-44cc-a895-149309e3488a,True,passes,83.0,37.0,112.796875,6.0
8a203f90-a00e-4440-b458-57b5ea7ea727,True,passes,85.0,37.0,132.73828125,6.0
e6466167-a97c-44aa-96e7-755208bbae73,True,passes,22.0,16.0,171.69921875,5.0
70a489b9-bd6b-4511-8adf-c3ba4e84e3fb,True,passes,71.0,28.0,114.765625,6.0
b84e5133-d32c-4cc9-af12-59d987921815,True,passes,84.0,37.0,175.65625,6.0
4cb96699-5082-428e-91e8-1dfe2bde2032,True,passes,408.0,38.0,150.671875,6.0
801960aa-3b21-4292-a43c-5a5b61077d41,True,passes,68.0,38.0,226.1640625,4.0
4cde0892-11b3-4a4f-bddf-da953e59c503,True,passes,91.0,35.0,150.65625,6.0
0075e4a4-4237-4d2b-bed5-3b1715a424bf,True,passes,73.0,36.0,113.81640625,5.0
bd33bca9-f500-45cd-ab91-6f4f4238cbb6,True,passes,88.0,36.0,112.75,6.0
66949c7f-8fc9-43c8-9f8f-37e0c05fa4cf,True,passes,98.0,34.0,90.76953125,6.0
0a92127a-60a8-4299-b02e-e165e1018537,True,passes,8.0,8.0,91.68359375,4.0
cc7a411f-4662-4c26-a64f-1ec326076eeb,True,passes,86.0,34.0,151.671875,6.0
8a172038-854f-4568-a1c4-93e45d6d8f3f,True,passes,58.0,36.0,112.796875,4.0
7af4e4bc-837b-4148-a3b0-8eb3721ab9c1,True,passes,63.0,36.0,246.19140625,4.0
05713f7b-2579-475d-a188-ea41ea0bdd47,True,passes,79.0,34.0,143.65625,6.0
2e20f6e7-34ce-4afe-ba4c-1c677d62d88e,True,passes,75.0,34.0,143.67578125,6.0
334012db-39f4-4bc6-86eb-cdef246e895f,True,passes,84.0,33.0,127.796875,6.0
0a30bde3-ecbd-4439-87e8-8e9bb901c2f3,True,passes,49.0,35.0,239.2890625,4.0
427657ea-68d6-4ca0-8cc5-66633fed45cb,True,passes,89.0,32.0,122.6875,6.0
0078f7fe-eedb-42f4-9b56-13b892c8809c,True,passes,88.0,32.0,151.66015625,6.0
47c0a329-2f28-47bd-86fc-248dff909a69,True,passes,79.0,32.0,149.65234375,6.0
8a312887-5d8e-4521-a3bb-f5e34cd52c67,True,passes,78.0,32.0,151.6640625,5.0
240ccaf4-4500-43f6-abb7-23551cfc57dc,True,passes,60.0,34.0,215.19140625,4.0
d152bbac-c4cb-432e-95c0-be22bc4b7d64,True,passes,57.0,34.0,239.16015625,4.0
9ee76da2-4c75-4428-9c26-18a19b6a246d,True,passes,718.0,32.0,144.671875,6.0
0f8aa3f9-f80d-4669-ab2d-15d9c44b343e,True,passes,39.0,22.0,151.78125,5.0
f06342e9-9d93-4549-a6c5-d97b10ad9da8,True,passes,54.0,33.0,240.09765625,4.0
0a8a9213-b1f5-4fc6-99ec-923881b5b599,True,passes,55.0,32.0,155.65234375,6.0
f02e32f6-32a6-4544-b145-7590e7468277,True,passes,76.0,30.0,98.84765625,5.0
d6b4a777-ab12-4bf2-826a-8367139180b5,True,passes,55.0,32.0,230.0859375,4.0
8f56233b-3d19-402c-8792-c1da48906a28,True,passes,86.0,29.0,91.78515625,6.0
f58a4425-1e88-4d90-b036-466c23ddcdb2,True,passes,18.0,12.0,115.80859375,6.0
db905e97-2e97-4b04-abd1-639de0c0c1ca,True,passes,58.0,30.0,199.08984375,4.0
14b8ef52-3f5a-4837-b0c9-6d108aac1b29,True,passes,53.0,31.0,243.0859375,4.0
1ee487df-323a-42aa-8bd5-472f5c308452,True,passes,49.0,31.0,241.1953125,4.0
c27c4748-a8e7-4e06-9330-9a820b325810,True,passes,10.0,10.0,83.73046875,2.0
b2feef91-b925-411e-8f9a-e09307137cde,True,passes,81.0,28.0,91.78125,6.0
dbd04a6d-6751-48f5-b389-a4630031f5ab,True,passes,75.0,28.0,122.8515625,5.0
e0b00b4e-0ba1-41ed-8b89-2c0309b1fb56,True,passes,58.0,30.0,199.25,4.0
c71d711d-4337-46e2-9c07-ad748f2008a8,True,passes,52.0,29.0,207.19140625,4.0
66a44e6b-c0dc-4b1a-aa14-18c2f16c0a21,True,passes,55.0,30.0,197.1328125,4.0
33685c53-d100-44fd-962e-8d3a95eaed1b,True,passes,77.0,28.0,87.8203125,6.0
f04e606f-7499-4425-a9c7-c16fd2474f22,True,passes,63.0,28.0,117.75,6.0
94690c98-a6bd-44b6-945c-799dcb6418bb,True,passes,63.0,27.0,88.79296875,5.0
5c3f96dd-e456-4c7d-afa2-edfa9e14b089,True,passes,66.0,27.0,91.78125,5.0
7fee277e-0750-4e51-abc9-04be11c1db1e,True,passes,61.0,27.0,88.79296875,5.0
28bdbc81-04ce-4925-9384-e7e96acb0307,True,passes,40.0,29.0,244.09765625,4.0
75bd15f4-a980-4ab6-845e-190d3ae5f78f,True,passes,65.0,26.0,74.8984375,6.0
ae04660f-cf1b-4c3f-a7d2-7909dc3fc272,True,passes,51.0,28.0,72.8828125,6.0
4cfe1acf-9e4a-4c93-9c42-a7c020e12076,True,passes,63.0,27.0,122.68359375,6.0
611a464e-33c0-40a4-abae-21d925c44dd2,True,passes,47.0,26.0,152.765625,5.0
47b57810-da97-41e2-8064-60c3bf46097c,True,passes,27.0,21.0,233.20703125,4.0
e5fb7c3e-a353-410e-b73b-e2b2a58c9244,True,passes,34.0,24.0,254.24609375,4.0
3d9c598c-bbf3-45da-bca6-3d2eaf634832,True,passes,61.0,27.0,73.015625,6.0
33828df4-6b78-480d-82a9-71bab6d991a8,True,passes,52.0,27.0,73.0234375,6.0
4259b2ac-27b7-47b1-bbc4-8113688d1086,True,passes,62.0,25.0,57.88671875,6.0
cc69218c-1386-45bb-80c0-a30a787a1414,True,passes,109.0,20.0,43.98828125,5.0
f5a181a8-67a2-4f28-91d4-facc23b9bea1,True,passes,54.0,25.0,88.80078125,5.0
9ed7259a-4827-46ca-8805-3a5767c7dc6b,True,passes,49.0,27.0,225.17578125,4.0
c793a860-9f51-4aa8-a288-e7c7323dc3eb,True,passes,47.0,27.0,75.9296875,4.0
e0daba4a-1595-42ea-8d65-e241de54d30c,True,passes,45.0,27.0,93.79296875,4.0
428de9ae-babc-464f-8413-cb356355cc75,True,passes,35.0,26.0,244.19140625,4.0
eb331d4c-cc44-4c19-8fee-d8d209ec2e25,True,passes,59.0,26.0,73.0078125,6.0
7fe574a2-5578-48c9-b740-2cd56a1cdcf5,True,passes,70.0,25.0,151.6640625,6.0
faaba2f4-4da3-438f-8538-5f7275adac16,True,passes,52.0,25.0,62.9296875,5.0
38338e42-8ed3-4b4e-8227-c0e8c7939c00,True,passes,55.0,25.0,83.84375,5.0
f5a276f3-4e2d-40d5-8bff-8ae05659ff07,True,passes,52.0,25.0,146.65625,5.0
75c09899-0fef-41fe-8a2e-992931700a8f,True,passes,40.0,21.0,235.1328125,4.0
6b4a0868-dccc-4f24-9010-1e3b2b2e2935,True,passes,35.0,26.0,244.10546875,4.0
fab2f76b-bc2b-4adb-a50e-6f07cd1ec607,True,passes,32.0,26.0,250.19921875,4.0
51f6ab10-b3cb-4b6c-93d6-e7df684e80a1,True,passes,65.0,25.0,54.953125,5.0
52035656-ec8e-4494-b74c-092f7c67dfe5,True,passes,36.0,25.0,244.19921875,4.0
8f156832-1cb6-49e8-a3d4-b5bf27fc0ba1,True,passes,33.0,24.0,207.26171875,4.0
75ad21d8-c27c-4963-89b4-c26648d50649,True,passes,52.0,24.0,73.01953125,6.0
850f661a-b607-4f61-ae5d-f9dd907f648b,True,passes,48.0,24.0,70.8359375,5.0
33792aec-52fc-4011-8cc7-0a73729e54fd,True,passes,44.0,24.0,208.125,4.0
bd2cd23a-b093-4192-9cc3-190cf82d7e9d,True,passes,37.0,18.0,97.70703125,4.0
94acc0b6-74fe-4fef-94a2-f6d94144e0fa,True,passes,41.0,24.0,66.7421875,4.0
9e9f8a75-b5e4-41e7-98c8-52ac85b7d546,True,passes,46.0,24.0,232.08984375,4.0
8f454541-6622-4c1f-ba56-10af7861c880,True,passes,45.0,24.0,70.7109375,4.0
d6ea5cb8-12eb-4081-adb8-7a43280ef259,True,passes,42.0,24.0,71.875,4.0
6b793bea-4f5d-4c2f-9f48-ce26fb0883b1,True,passes,408.0,35.0,113.8359375,6.0
613ce6e8-ceb7-4dbd-b418-a4b342bb8bdf,True,passes,49.0,23.0,72.875,6.0
f5701b46-e413-455d-86cc-802fcfe432df,True,passes,50.0,22.0,111.75390625,6.0
f5a8c18d-a937-47e2-b037-00947afd371c,True,passes,46.0,21.0,117.796875,5.0
0a7beaca-4f64-49b4-aa34-bd3ca5cf4124,True,passes,51.0,23.0,181.3046875,4.0
56f648e6-f83d-4fd0-93bd-7a76c5787806,True,passes,45.0,23.0,200.125,4.0
14d0b7ab-63dd-4060-a0e7-9ce1e8b4a378,True,passes,32.0,23.0,228.18359375,4.0
f06e67e6-4f1c-4595-b480-c3b5c3ff2e05,True,passes,32.0,23.0,63.8203125,4.0
057832a3-ccc2-402f-931e-4c000407fd93,True,passes,45.0,23.0,57.91796875,4.0
ae1902ac-da9e-4e18-999b-8467a29f1910,True,passes,32.0,23.0,207.1953125,4.0
f0844e43-c0a2-48e9-90e7-457fb02f328f,True,passes,28.0,23.0,242.28515625,4.0
4769afab-af44-4b3d-8713-e93890dbf9cf,True,passes,27.0,22.0,242.17578125,4.0
28f72397-8175-4598-ae08-02691cf665e6,True,passes,45.0,22.0,67.95703125,6.0
bd05bc71-facf-4893-a0bf-57b20dfc49b8,True,passes,46.0,22.0,71.89453125,6.0
99a1199e-fb9b-440b-a8f4-c114a7f6e413,True,passes,41.0,22.0,176.65625,6.0
d69e8e2d-4ea3-45ee-b363-2bd746c1f8d7,True,passes,38.0,22.0,153.77734375,5.0
a8a6b8ce-bb9f-4e0d-91af-573226497db1,True,passes,46.0,19.0,88.7890625,5.0
0515a715-3af9-4ed9-a731-9d8dd737e145,True,passes,16.0,14.0,121.94140625,3.0
0f77e3a8-6a82-4e3e-834c-9e93f598d362,True,passes,41.0,22.0,110.859375,4.0
ffedf84a-7f11-410d-af1d-01225c0d95e4,True,passes,59.0,20.0,60.8203125,6.0
330605f5-d556-49ee-9978-41febd8746b1,True,passes,43.0,19.0,60.84375,5.0
29243d62-00c8-464c-84a8-60f5f554a591,True,passes,15.0,11.0,228.16796875,4.0
c2608e2c-c988-40f2-b012-444954c200d8,True,passes,28.0,18.0,198.1328125,4.0
adc23019-da6d-4f1c-a0c6-ea43f119e623,True,passes,32.0,21.0,68.86328125,4.0
9977a5fe-5509-409a-be26-7f94baaa503f,True,passes,18.0,15.0,236.16015625,4.0
faad8752-e111-41b2-876e-2d2362242fbd,True,passes,27.0,21.0,239.3203125,4.0
5becf920-c360-4e38-942e-85c1673cf1fe,True,passes,17.0,15.0,242.19140625,4.0
cc3c5d9b-113a-4a5f-864f-28cbb22f4d0a,True,passes,60.0,19.0,60.82421875,6.0
85220bec-7842-49b5-bea7-ee952088d340,True,passes,41.0,20.0,72.87890625,5.0
9ed3bedc-3f05-4439-bd09-9640c6b00162,True,passes,50.0,20.0,83.765625,5.0
0a8ea188-f02d-41cd-9fc1-65e979b3c74e,True,passes,15.0,8.0,143.35546875,4.0
1ee326e4-3e93-4b68-accd-099ff1b78394,True,passes,20.0,15.0,202.1328125,4.0
197dd183-890e-4eba-a79a-86f31c753d0e,True,passes,41.0,20.0,197.13671875,4.0
8a0166d6-f9e9-499a-b2cb-2dcd50877f6d,True,passes,33.0,20.0,154.80078125,4.0
853336fd-78cf-413e-950c-b6198b662890,True,passes,34.0,20.0,230.140625,4.0
23c0533a-8788-498c-bccf-aecd2415c39f,True,passes,36.0,20.0,95.86328125,4.0
5204e1fe-69ff-4e23-8595-b50ac5387513,True,passes,26.0,20.0,228.1796875,4.0
2e388047-2e9f-48b5-9680-59350f4bc3c3,True,passes,34.0,20.0,69.7265625,4.0
f5a6afc8-a75d-4c9a-bf4f-e7e772f252ec,True,passes,45.0,19.0,68.8828125,6.0
ff869459-b435-46d3-8b85-34c5c74a4f9d,True,passes,41.0,18.0,151.65625,6.0
a8e4f9de-8620-4f1d-9ed9-18cb1433c7f7,True,passes,34.0,18.0,172.64453125,5.0
42bfa6bb-63fb-420f-8090-8785d43892b3,True,passes,39.0,19.0,71.875,5.0
dbb088f5-5be4-49a8-846d-dec278fed96a,True,passes,36.0,19.0,214.09765625,4.0
f0165859-03ec-4be2-bc7b-fdb5dd085d96,True,passes,35.0,19.0,244.18359375,4.0
cc4ffb36-5e4c-4c7d-8678-7e2ffb2735ae,True,passes,33.0,18.0,202.12890625,4.0
14b3c104-9159-4917-80a3-ace4f7e33c14,True,passes,21.0,12.0,196.26171875,3.0
76000480-90bf-405c-8ae0-ecad416b517f,True,passes,26.0,19.0,199.25,4.0
51d83a3d-f3e4-4003-9ea9-835ee6d5f1e0,True,passes,24.0,19.0,245.27734375,4.0
ccb03263-c262-4077-a101-43e11cef8ebd,True,passes,22.0,19.0,225.19140625,3.0
7087255a-63b0-49f7-a832-673d5feea34d,True,passes,42.0,18.0,67.98828125,6.0
d6c3a85d-4fab-4d4f-b122-1f8fbf033d57,True,passes,29.0,17.0,113.8203125,6.0
00599094-a3e0-4f3e-9f47-4da2dac705fb,True,passes,751.0,18.0,72.98828125,6.0
d1afec1b-3c3c-4734-967f-fc0e8671c7bb,True,passes,41.0,17.0,86.91796875,5.0
ae06c839-2edf-460c-a63b-a6ab3044d03c,True,passes,41.0,18.0,40.90234375,5.0
ffe984a7-b16e-48cd-bd8a-1175dce552d0,True,passes,37.0,18.0,145.35546875,4.0
66420ce0-6c4d-49e1-bcb6-0308c3018b77,True,passes,40.0,18.0,182.33203125,4.0
f5a670dd-3230-4454-988f-07dbabd5bc98,True,passes,31.0,18.0,94.703125,4.0
38a08452-7689-443d-b205-1f8ef06ab31b,True,passes,13.0,11.0,29.9140625,3.0
23b8dee1-315f-4c02-b7b8-8c32744cd1c2,True,passes,34.0,18.0,179.25,4.0
9ea22ec3-3b37-4c49-b81d-8c2ea757f86f,True,passes,10.0,9.0,63.7890625,2.0
dbd27355-3835-4fe9-9339-810f0b934ce6,True,passes,17.0,13.0,227.09765625,4.0
a8d39a16-bd29-4e86-8a4b-49150843199a,True,passes,25.0,18.0,214.09765625,4.0
42aeedbd-d205-40f3-af47-c3bf31748a63,True,passes,30.0,18.0,200.125,4.0
7fdadf42-321f-4f4d-9fb9-be0aef90b4a2,True,passes,118.0,18.0,91.73046875,4.0
666ed310-b587-4689-8873-48cae7cb2673,True,passes,253.0,17.0,113.84375,6.0
e5e2162c-47a0-489d-aba2-71b1ac4a06ef,True,passes,41.0,17.0,74.80859375,5.0
1e84d8ab-b4da-473e-86c4-28ca4a22535c,True,passes,32.0,16.0,158.703125,5.0
570f89d3-2f6b-4b06-bda4-342f52e8a066,True,passes,42.0,17.0,55.96875,5.0
a91fcc62-8572-40d1-984b-9f77daa69f0a,True,passes,29.0,17.0,69.8984375,5.0
99b46eb8-f65f-4f8f-b7d7-96b8607f34ca,True,passes,23.0,10.0,47.83984375,4.0
8f1e7c7b-64a2-4be8-8521-39d3f7c3bac0,True,passes,32.0,17.0,137.359375,4.0
6b4b19aa-9f46-488f-821e-d021e3380e90,True,passes,34.0,17.0,70.71875,4.0
a3cd8d61-0785-45a6-9aba-20f36b15f1c4,True,passes,16.0,12.0,230.0859375,4.0
662ce881-2522-48fe-bfd2-429d160a6439,True,passes,30.0,17.0,186.296875,4.0
cc86cbbb-7b16-4658-b02d-f15d7d8f87c2,True,passes,21.0,17.0,58.859375,3.0
75a02b85-17ff-42b3-a23d-a1a66cd64172,True,passes,19.0,17.0,228.21484375,3.0
9e8761b5-bfdd-4a5e-a6bd-4387557350df,True,passes,40.0,15.0,87.87890625,6.0
9e8e37e9-0aaa-43ec-8523-21a8c50caa3b,True,passes,34.0,15.0,42.94140625,5.0
e64d0b82-79fc-4461-8bcb-a7c5d8f91b21,True,passes,27.0,15.0,214.09375,4.0
0f9c4079-042d-4230-a035-ed1f6069929f,True,passes,9.0,9.0,145.34375,1.0
84db490c-9756-425b-ace1-4e38b146809c,True,passes,20.0,13.0,216.1015625,4.0
fad1d1c0-37b8-4ee2-b1aa-7b9160d876c8,True,passes,26.0,15.0,226.16796875,4.0
426f9123-73d0-4355-9996-604c20d47bc3,True,passes,24.0,16.0,68.84765625,4.0
5c5cecb7-7766-4984-8933-37d650acddbf,True,passes,18.0,16.0,233.32421875,4.0
8f4c5b78-8787-4fd9-89dd-b8e36fb9e98e,True,passes,24.0,13.0,140.3515625,3.0
eb115a3f-a264-4d6c-90f8-53707b4418ef,True,passes,23.0,16.0,200.125,4.0
148f58dc-8dc5-4d26-862c-fe117028626b,True,passes,22.0,16.0,245.27734375,4.0
19ccae7a-1bcc-475a-8ff5-39197498f0c3,True,passes,28.0,16.0,183.2578125,3.0
7a97718a-ce28-40b1-80d8-e29ba5c78ec9,True,passes,21.0,16.0,228.18359375,3.0
6b4bd9c2-95bd-4f19-a519-14db1c2e6ae8,True,passes,17.0,16.0,98.80078125,3.0
42685180-3eab-4ca3-af46-682aa12e1b2c,True,passes,35.0,15.0,67.9609375,6.0
3d6692e0-a421-445a-8378-131f57e02925,True,passes,27.0,14.0,153.859375,5.0
4cec1de2-afc3-492a-a2a2-ba54d95a63e7,True,passes,37.0,15.0,68.984375,5.0
7ff00a56-2d82-4ab9-a2dd-10490c93e339,True,passes,36.0,14.0,108.7578125,5.0
5c593489-880b-4ccd-b644-58924a026f6d,True,passes,37.0,15.0,72.984375,5.0
dba728f7-f0cb-404e-8948-8ba73ba32e67,True,passes,36.0,15.0,47.875,5.0
a8a52dd4-4699-412f-a1f0-962b54e315d6,True,passes,28.0,15.0,112.78515625,4.0
4778b201-e8d1-4fea-8de9-7178f264808d,True,passes,36.0,15.0,196.26171875,4.0
198a7d33-2f8a-4d92-a0b6-8042708a72e8,True,passes,24.0,8.0,47.02734375,4.0
2e0902eb-d9d5-4f23-963e-e866757c9be0,True,passes,35.0,15.0,168.3046875,4.0
dbf14a27-ed8f-43d2-9263-de157d67b408,True,passes,22.0,15.0,90.78515625,4.0
335223e2-9924-4cc7-b427-89220a4bbd2e,True,passes,26.0,11.0,69.72265625,4.0
2dfbe6c1-bb2d-4e31-a0b2-e1d0aa740d7f,True,passes,12.0,9.0,193.25390625,3.0
2de9d18e-e217-4c9b-84a4-35bf2886fc52,True,passes,11.0,9.0,236.16015625,3.0
cc4eed84-e454-4d18-a8f7-4144ebcb99cf,True,passes,29.0,15.0,64.76171875,4.0
d1d04756-6150-41f0-99c0-6cb8e7a0d3f6,True,passes,20.0,15.0,201.24609375,4.0
9ec72bf7-8e77-46dc-897f-983a248da89d,True,passes,26.0,15.0,177.3125,4.0
5bf9dd2a-3851-4dcc-94e2-8271c0eb6001,True,passes,9.0,8.0,228.19140625,4.0
3d8aa81d-bde4-4b8a-9503-79f2fe9dfd19,True,passes,13.0,12.0,235.17578125,2.0
dbd58efe-d4ca-475c-abb9-f0ba43c9cb8c,True,passes,31.0,15.0,202.09375,4.0
4cabbb30-d6fd-4c9e-b950-c6875759680f,True,passes,16.0,13.0,246.125,4.0
7ab4857a-e9a8-45c0-aeb4-2a26f5be4de9,True,passes,15.0,13.0,233.2109375,3.0
dbbcd031-783f-49d5-b668-83238ec5b10b,True,passes,195.0,15.0,64.875,5.0
99c55cc5-2d4b-41f9-a7f5-7af054ec0d0a,True,passes,29.0,15.0,137.76171875,3.0
5c0eb080-caad-42c3-bb1b-80634756470c,True,passes,16.0,15.0,56.9375,3.0
0046d02c-7800-475c-9faf-42ec4b5819e4,True,passes,35.0,14.0,64.83203125,6.0
291d3bbd-c725-43d2-8445-a202c274cc83,True,passes,35.0,14.0,64.98046875,6.0
4cc27c21-b3de-4ccd-96d4-e7f95239caf0,True,passes,26.0,13.0,62.77734375,6.0
e6417124-e444-40d3-8ec7-a8c004eca491,True,passes,20.0,13.0,114.78125,5.0
850ab331-2c8f-4a3a-9744-a5c6433d9a83,True,passes,22.0,14.0,66.796875,5.0
38733078-e3b2-4817-9a86-64cae48a35fb,True,passes,33.0,14.0,39.9453125,5.0
9447228e-98eb-4e40-bcb1-92085d5d9b0d,True,passes,37.0,14.0,127.3671875,4.0
7069f9cf-4c53-453f-bb64-4e7d7660cb5e,True,passes,16.0,12.0,140.36328125,3.0
ae15bbe3-9737-47e8-82bc-610d8d866617,True,passes,27.0,13.0,140.36328125,4.0
51e116c6-7784-4aff-8a3a-33e7d2a9d136,True,passes,15.0,12.0,214.09765625,4.0
a8e94814-eee4-4eb7-bfcb-a5de38dab77c,True,passes,22.0,14.0,184.13671875,4.0
faa54448-c059-4f1e-b1fb-f602f3d1dd31,True,passes,18.0,10.0,194.1328125,3.0
f0569e65-37ec-4fc9-9e87-e5e6484c7737,True,passes,19.0,14.0,239.3203125,4.0
8f0411fc-b497-496a-b40f-2409925443a4,True,passes,16.0,13.0,99.7734375,4.0
28f326be-3bcf-443d-b537-87d7f5808276,True,passes,30.0,14.0,95.77734375,4.0
d6a1ec0a-74c8-49b8-93c9-1105c6c550d6,True,passes,27.0,14.0,137.76171875,3.0
0a7721c2-8163-47bd-939d-21a14737027c,True,passes,27.0,14.0,137.78125,3.0
75e3d45b-a980-4cb0-8b0b-be5ea81ecf00,True,passes,16.0,14.0,114.78515625,3.0
9e6f23db-39cd-49b2-927c-555d8d36a00b,True,passes,407.0,14.0,131.7265625,3.0
70894959-803e-457f-8b70-00b12e3e6367,True,passes,41.0,13.0,42.0859375,6.0
850d835a-6315-4c61-8dd5-f8938f3996a1,True,passes,32.0,13.0,64.95703125,6.0
8a3e03f9-cb80-4dbe-98b1-92f80c8670e4,True,passes,67.0,13.0,132.671875,5.0
8a18c41d-e8f8-45e3-8d88-d25ef5126fb9,True,passes,21.0,10.0,113.82421875,5.0
a8c97f62-68d3-43d2-91b1-941789128efa,True,passes,31.0,13.0,46.0,5.0
1ecc74e3-1cf5-4537-b442-818e62956955,True,passes,22.0,13.0,66.76953125,5.0
19a38fc0-dc50-40e4-93a6-6521a87e9742,True,passes,35.0,12.0,171.69921875,5.0
c25d59af-5b6c-48bd-8399-6b9d03faf6ad,True,passes,18.0,12.0,55.0546875,5.0
d6effb40-4782-40b2-b5c1-5bf5651ff9b7,True,passes,32.0,13.0,197.13671875,4.0
a3fdb1ef-5199-4773-82b6-1995aff7effd,True,passes,25.0,13.0,178.23828125,4.0
4c9a62ab-9538-4450-99d6-29475c48a3d8,True,passes,267.0,13.0,67.7890625,4.0
8a4b5373-7e77-4f75-a40b-12331c89b0b8,True,passes,24.0,13.0,41.921875,4.0
4d01af52-171f-4e41-a4ee-f1112c7640ec,True,passes,15.0,11.0,198.1328125,4.0
a915c139-1267-42ce-8ee5-1aa5db174349,True,passes,13.0,11.0,166.34375,3.0
8a1545a9-5d49-4b22-b74c-ef0dc0dace80,True,passes,12.0,9.0,170.23828125,2.0
9953b51e-7828-4d47-9ac2-a1ae8d0a23f6,True,passes,25.0,13.0,181.3046875,4.0
75d821a9-b04e-4264-bd3b-ca295c3eab75,True,passes,26.0,13.0,70.71875,4.0
3d5b300c-a1fc-43a9-9752-670f0a387144,True,passes,20.0,13.0,214.09765625,4.0
d1a88d28-d446-4140-9db2-c9cf4c669675,True,passes,16.0,11.0,184.13671875,3.0
801d9dad-d9af-44c3-ad26-5bf2e4f5bc82,True,passes,15.0,9.0,170.2421875,3.0
bd0e6b6c-6fb4-4559-a7f5-8bd76368ed33,True,passes,14.0,10.0,168.3046875,4.0
c2647c90-a7a0-4a5e-8dac-05e064e504a5,True,passes,23.0,12.0,61.89453125,4.0
dbe95a56-7fc6-47f7-a698-4aabeccbf20f,True,passes,10.0,8.0,241.1953125,3.0
d1abe40b-5915-4a76-a683-17aebc033bd7,True,passes,29.0,13.0,69.7890625,4.0
adcebc5d-2405-4f02-b7ad-15bd2670fb66,True,passes,11.0,8.0,137.36328125,3.0
9ecc4e01-6435-44bf-9611-9a509af785d4,True,passes,25.0,13.0,106.765625,4.0
0a9e1957-94ff-49f3-b29f-4fcc6b94388f,True,passes,17.0,11.0,227.1015625,4.0
f0190ee7-2e91-4000-ad70-e606c27a4c3f,True,passes,29.0,13.0,244.18359375,4.0
eb1e1483-db24-484b-98eb-8e2e63bf2a64,True,passes,257.0,13.0,46.84765625,4.0
e10946f7-970d-488a-91aa-5a2992aedfb6,True,passes,113.0,14.0,68.83203125,4.0
e642e93c-9c09-4dae-9e21-6e13e8b7460a,True,passes,111.0,13.0,94.70703125,4.0
7ab5ec45-8a79-4c52-9ce4-26c94d2edffb,True,passes,25.0,12.0,137.76171875,3.0
fa90cde8-7e6c-4446-9c0d-e8ce3912645b,True,passes,12.0,11.0,62.78515625,2.0
7ab9ab48-dd46-4be6-a8f0-c160daf2f806,True,passes,19.0,13.0,127.6953125,3.0
4d0f56df-9dc1-41bb-8f3e-7294487655fe,True,passes,14.0,13.0,232.34765625,3.0
d68c62a8-ac1f-485e-9817-66eb1321386f,True,passes,65.0,10.0,139.31640625,3.0
3376c13f-9a2b-407f-99d4-1b91424dd7ca,True,passes,38.0,15.0,202.08984375,3.0
47c75bf5-0cc1-4eea-a04b-11127139200d,True,passes,12.0,9.0,69.70703125,2.0
331d0b5b-8b96-4184-9648-eb3b922d4542,True,passes,23.0,12.0,66.80859375,5.0
6b5f6204-cbbe-48ea-87f0-5d0c06221117,True,passes,14.0,12.0,70.83203125,5.0
3d8ca056-0e6f-43f9-a192-232b3b1dca69,True,passes,25.0,12.0,65.79296875,5.0
b2c8126e-9b50-41aa-af35-09b42c35b886,True,passes,164.0,12.0,65.80078125,5.0
e0cd6b6f-764c-4eb3-a059-d31f1bccb28f,True,passes,28.0,12.0,69.7578125,4.0
6b82c099-8789-4a2b-a778-f053261510c6,True,passes,19.0,11.0,183.26171875,4.0
d6a2723d-5180-44e3-a204-e80d7c40fb2c,True,passes,22.0,12.0,171.69140625,4.0
573ff513-ea69-442e-b923-848eb31f046e,True,passes,27.0,12.0,142.32421875,4.0
8f0acce4-759d-4b7f-95bd-de2e46ce6b49,True,passes,10.0,8.0,127.34375,4.0
3d5fc4d7-7033-4651-b064-66f008225b89,True,passes,13.0,8.0,214.09765625,3.0
1474a215-0803-4d7e-a13b-657e6c68bdda,True,passes,26.0,11.0,197.13671875,4.0
a3b7a373-0fe0-4816-8487-08ddc0a075e9,True,passes,25.0,11.0,52.8828125,4.0
6bb82a1c-2636-40c1-bd8e-9260ff8e52cc,True,passes,14.0,9.0,166.34375,3.0
e0c2693f-c1d9-4a65-999e-8a6dc7a25f6d,True,passes,19.0,11.0,145.35546875,4.0
5c4cbdb4-e194-44f6-94f6-067fa58b2323,True,passes,16.0,10.0,104.80078125,4.0
0a3dee4d-e12f-4dcc-aab8-82d5532f3ed2,True,passes,15.0,8.0,137.359375,3.0
38a4a5a2-5b06-4766-8c16-956098f4ed52,True,passes,17.0,12.0,227.08984375,4.0
51e9bb86-d73c-4ff8-9d5c-9aa37a39d29a,True,passes,13.0,9.0,140.3515625,3.0
5c6ad635-3706-46f7-a5a2-592846345cd8,True,passes,26.0,12.0,108.8203125,4.0
7abc61d4-85f4-4e87-828c-9601cb7f88df,True,passes,11.0,11.0,109.87109375,4.0
28ff8b53-9ba4-40fa-a305-89f6c393332c,True,passes,14.0,12.0,247.27734375,4.0
c23ff9c0-542d-463d-a4ba-d1ba517d4a24,True,passes,21.0,11.0,238.19140625,3.0
850a8fbc-eb53-4c66-ac86-e93209ef1094,True,passes,22.0,12.0,90.78515625,4.0
70913912-31ce-47bc-86d3-a65cf07302b3,True,passes,220.0,12.0,46.94921875,4.0
5c446cfc-8443-4185-8c4c-45205c21cd76,True,passes,193.0,12.0,71.75,4.0
b80c74be-6838-42eb-814d-1cffd0bbfd85,True,passes,25.0,12.0,127.71875,3.0
84f7388b-7c53-494a-94f1-737fc494cf4a,True,passes,26.0,12.0,137.7734375,3.0
66adb842-3c31-4e69-a22c-b07e3cc3d572,True,passes,25.0,12.0,137.765625,3.0
75e08af7-bba0-494a-b7be-6af964313a96,True,passes,23.0,12.0,127.70703125,3.0
0a64328d-db76-459c-9f61-380383d1adf4,True,passes,24.0,12.0,105.79296875,3.0
3360a263-506a-4495-a9a2-8c522650fe85,True,passes,16.0,10.0,127.6953125,3.0
5c275dbe-ccc6-4d5e-a8a1-14d4f4292fb4,True,passes,13.0,12.0,59.80078125,3.0
5c253e48-fcfa-419a-b066-ad8456b45c2a,True,passes,16.0,12.0,179.34375,3.0
a3b8a62d-1b1a-4d0d-94d2-69b826ed7273,True,passes,15.0,12.0,202.08984375,3.0
19eba66a-78cf-4c0a-8542-c3be5d8ce0f4,True,passes,12.0,11.0,184.29296875,3.0
6b8ebd4d-5bca-4322-a9d7-0717adf64f7b,True,passes,50.0,12.0,228.17578125,3.0
0a541d75-8087-42c0-b376-733c4a854703,True,passes,140.0,12.0,89.9765625,4.0
56f2d631-a35b-4f94-ba3c-1cfdc797dde3,True,passes,12.0,12.0,240.09375,2.0
4cecb47e-68c6-4d42-80f0-e76ffa2fd124,True,passes,348.0,11.0,65.80859375,6.0
94881adb-6911-4b94-99a5-10d46fcca63c,True,passes,24.0,11.0,65.80078125,6.0
2df0f533-b111-44b4-b2ab-3ddd355f3b0c,True,passes,24.0,11.0,177.6640625,5.0
2dfebc83-ed6c-4b33-b2b5-7fd826710057,True,passes,20.0,11.0,113.82421875,5.0
d6b9bc4b-08d5-4d3c-8a89-9e66e719f4c5,True,passes,20.0,11.0,171.69140625,5.0
19ea6f9e-c594-4628-8413-1b912536e124,True,passes,20.0,11.0,66.79296875,5.0
664465ec-226f-449d-a966-a916ee5b67e3,True,passes,23.0,11.0,70.76953125,5.0
0f47a35e-b26a-40e4-8896-673754bd29f6,True,passes,25.0,11.0,71.8203125,5.0
f55df9c1-4f7a-493a-9e98-34995f063bf4,True,passes,19.0,10.0,65.78515625,5.0
8f6461a2-3b49-46e4-8ae6-85ef90cb7947,True,passes,16.0,11.0,62.84765625,5.0
dbc7b7c2-78fd-44d1-a57c-f824fe51bc77,True,passes,22.0,11.0,228.18359375,4.0
89ee6a12-6e38-45c6-becf-83a7007d44ea,True,passes,20.0,11.0,184.13671875,4.0
23e2e651-237b-4d5a-8bfc-a5cadafea1f6,True,passes,15.0,8.0,162.25,4.0
330b8eb0-12df-41ea-aba1-fd748fd5463b,True,passes,13.0,8.0,37.91015625,4.0
c76e3cf7-314d-4ef0-b44a-f803851d01c3,True,passes,19.0,11.0,92.73828125,4.0
e0ac38b3-fcb6-4aae-b97c-b4e6cd9c2956,True,passes,15.0,10.0,214.09765625,4.0
7aa23b3f-cb79-43c0-9da7-e978e15467b4,True,passes,10.0,9.0,184.13671875,3.0
a8eeab1f-1939-4e24-9abc-e99fcd0583e9,True,passes,19.0,11.0,198.1328125,4.0
f5635f52-3823-4f1a-9d31-ee816bc7dd4b,True,passes,18.0,11.0,140.3515625,4.0
d6b8fa28-c6f4-4144-8144-11bf9a2c0d49,True,passes,12.0,8.0,106.80078125,4.0
4cd39a28-6779-45d5-ab76-effe755ba195,True,passes,16.0,11.0,164.1875,4.0
8f1605cc-f4b7-47b0-8989-16c0f73484fb,True,passes,19.0,11.0,103.796875,4.0
dbfd809c-a57c-4a8c-a2cb-811a024e4f0e,True,passes,20.0,11.0,87.0234375,4.0
a3f2a837-c3b3-4403-8b6c-5f7938ac3885,True,passes,20.0,11.0,64.85546875,4.0
1ec8712d-5fd3-4512-9622-9aa9736cedb3,True,passes,15.0,8.0,67.78515625,3.0
b2d62de6-2da6-4a92-9e22-a866d7fc306c,True,passes,14.0,11.0,184.13671875,4.0
9ea90f62-d1a8-45b9-ad31-6ef59ff4124e,True,passes,13.0,10.0,66.703125,4.0
47963945-21ff-48f1-9026-daf9a11f1408,True,passes,18.0,9.0,167.30859375,4.0
19c5ad97-2c7e-4024-bfeb-854318d16d0a,True,passes,8.0,8.0,170.23828125,3.0
cc74471e-61ab-4c5c-8150-b34b7c0a41b4,True,passes,24.0,11.0,64.76171875,4.0
1483166e-57b4-4e01-a314-026e9f5b260a,True,passes,21.0,9.0,93.8125,4.0
99a1f2a2-f04e-4ba1-91d2-c0eb533a6f14,True,passes,25.0,11.0,39.94921875,4.0
ff8f42f2-cc0d-4e2b-88b6-a221463bbf0f,True,passes,16.0,9.0,228.18359375,4.0
ae3c03dd-2e21-4e76-99b6-e1bd816fbeb0,True,passes,11.0,8.0,137.34375,3.0
ccae0b24-2f55-41a8-8698-3c23f5cb349a,True,passes,20.0,11.0,106.79296875,4.0
8f3944a2-a41d-40dc-a9db-0952af1ac91e,True,passes,15.0,9.0,140.36328125,3.0
d6b069a9-ba54-4c36-a902-88d8dc84aec1,True,passes,14.0,11.0,86.76953125,4.0
38651e85-929e-41e4-85ec-ffff24f3aa70,True,passes,25.0,11.0,63.88671875,4.0
8f7d9859-bf21-42f1-894c-80ee4df1f06e,True,passes,23.0,11.0,69.7109375,4.0
c75c172c-26fc-4375-ad3a-f304b78704ff,True,passes,20.0,11.0,140.36328125,4.0
05211cc0-eaf0-4727-9c2b-7a8446747d58,True,passes,19.0,11.0,61.7734375,4.0
84ccc74d-d7e3-4144-9d6b-11b4ff401275,True,passes,19.0,11.0,239.3203125,4.0
ff9921b7-6b6f-4469-85b2-0a1d4d176ed2,True,passes,11.0,9.0,105.8125,4.0
b338c7e2-3579-464f-8df6-b766ddf3a732,True,passes,123.0,11.0,95.875,4.0
c77f8b22-d357-49ad-8ee6-10f9ede6974d,True,passes,107.0,10.0,194.12890625,4.0
fad11064-4f52-428b-9c08-8a7034848808,True,passes,256.0,12.0,65.75390625,4.0
426280ad-a16d-41d1-a7fa-5ca3359be2bc,True,passes,25.0,11.0,137.7734375,3.0
6b912497-5a22-4fc3-bc0c-20405e607cab,True,passes,24.0,11.0,137.75,3.0
4286cde7-939f-4c29-bcc1-0cc73ed1e5cf,True,passes,119.0,11.0,202.09765625,4.0
0fb390a5-1d69-4929-89e9-bf0f1efe259b,True,passes,18.0,11.0,131.6953125,3.0
056702c6-3975-4248-83fc-d419a600333c,True,passes,10.0,10.0,247.27734375,3.0
947f78bf-e59c-4b30-9cdf-4c36a48d54a1,True,passes,12.0,8.0,137.359375,3.0
8a3b04dd-3185-422c-99ea-51a0d565c9e2,True,passes,18.0,10.0,62.7734375,6.0
ffd71a03-cabf-4f91-84c1-c882486408e6,True,passes,28.0,10.0,68.859375,5.0
7ad3c451-fb73-429b-91c7-5f5cd14a17d9,True,passes,18.0,10.0,140.77734375,5.0
e62f6eb7-16dc-4a29-8ecb-fa43973037ba,True,passes,19.0,10.0,44.96875,5.0
b2dbf028-a89b-4299-bb28-d7cc3b58e300,True,passes,29.0,10.0,39.90234375,5.0
19e33d6d-904d-4d9f-91f8-085124ac7a9e,True,passes,21.0,10.0,65.77734375,5.0
bd6a285a-c379-4c3a-80f6-3bba34e24873,True,passes,19.0,10.0,145.71875,4.0
7ad6c193-3766-4410-a7ea-8dfd9ed922cf,True,passes,19.0,10.0,70.78125,5.0
47657d43-e74b-4798-ab2f-371d3157e321,True,passes,20.0,10.0,62.78125,5.0
94a9b5b9-d015-4197-be2b-9f821e525b72,True,passes,22.0,10.0,61.84765625,5.0
c75e8174-4f34-4f13-8e0b-0b49a994197a,True,passes,17.0,10.0,61.859375,5.0
0013fab7-58cc-4ad3-a142-296f38b10a63,True,passes,26.0,10.0,40.93359375,4.0
56d4a8ba-219f-4801-8c80-e6561bf331d8,True,passes,14.0,9.0,189.1015625,4.0
f068b6bc-824a-4ecd-b4c2-7c8dfb25448b,True,passes,26.0,10.0,109.75390625,4.0
1ef70845-ac50-475e-9773-47d4e8c29ef8,True,passes,17.0,10.0,163.20703125,4.0
bd75ae82-6888-4c09-abb1-fa1924da1d1f,True,passes,23.0,10.0,95.77734375,4.0
61444490-b919-454f-8e34-743309c6ccc3,True,passes,11.0,9.0,228.203125,4.0
7fef75ca-ae00-440e-bf3f-1f951ce27c63,True,passes,11.0,10.0,91.75,4.0
cc6ff0d8-2a0f-4337-b9ad-2c2c9991e803,True,passes,18.0,10.0,65.83203125,4.0
9ebaae45-f145-49ba-a227-eee7555ea9c9,True,passes,25.0,10.0,64.8046875,4.0
1eb0f027-4261-45f7-81d6-15c13abadabc,True,passes,14.0,10.0,164.1875,3.0
fa4e61cd-8c82-4fa1-8cc1-5903353b482f,True,passes,13.0,9.0,66.7578125,4.0
bd3d803d-97ac-4f6b-8864-9a9185f202f8,True,passes,24.0,10.0,65.91796875,4.0
7fedf20e-5b99-42fc-8c4f-f65127c3f75b,True,passes,18.0,10.0,61.80859375,4.0
8a09696f-defe-4381-a3fa-8b7190ef7356,True,passes,19.0,10.0,61.76953125,4.0
23f91855-017e-40e8-b20e-aa9d3c572f84,True,passes,18.0,10.0,214.09765625,4.0
669ea890-9a63-4aa9-b8cc-f552f483713e,True,passes,15.0,10.0,140.359375,3.0
f056e362-446b-431d-b983-f50c0200b4c5,True,passes,17.0,10.0,91.73046875,4.0
84e0a55a-94de-4b0d-a9f1-6e987f157a7d,True,passes,21.0,9.0,76.79296875,4.0
5c20ee26-fc11-4838-9a92-141414ceecc8,True,passes,26.0,10.0,69.7890625,4.0
24082308-25f5-44ad-b6c3-0940f3c0608d,True,passes,17.0,10.0,67.80078125,3.0
adda5885-9c2e-4d7d-8c9a-c1e1afd33720,True,passes,25.0,10.0,67.8046875,4.0
7fb78d7c-a01b-4447-b10e-9832ae01e175,True,passes,11.0,8.0,145.34375,3.0
0fc29ffc-e1ab-482e-9d69-19174be722fb,True,passes,18.0,10.0,140.359375,4.0
6babb64d-f126-467b-a60e-6cc6b61cab96,True,passes,16.0,10.0,90.78125,4.0
a3dc9903-3b1c-4201-92fc-0eeb4074172f,True,passes,13.0,10.0,61.83984375,4.0
eb112d9d-0c04-4faf-a6a1-1d46a2a861fb,True,passes,19.0,10.0,61.81640625,4.0
fa8dc8f3-b390-484f-b77a-2836f49dd5aa,True,passes,13.0,10.0,91.71484375,4.0
6b89d4ab-9a17-43a0-83a1-e3f3acb0612f,True,passes,16.0,10.0,92.8125,4.0
3da67844-3afd-40f7-ab77-48f3c928744a,True,passes,21.0,10.0,137.3671875,4.0
0a64a416-8c02-4229-820b-8cf2b05f8d8d,True,passes,10.0,8.0,197.2109375,3.0
fa9d84c7-d602-477c-94d5-25def2bdc0ab,True,passes,15.0,10.0,199.25,4.0
0f61720e-12e3-40c6-84fa-b6b7cd6a7996,True,passes,23.0,10.0,127.7109375,3.0
52188926-1266-4935-9179-10261c41b73b,True,passes,19.0,10.0,137.76953125,3.0
7fefb063-6e68-4f5e-9f78-76e58e463761,True,passes,13.0,10.0,184.13671875,2.0
610e55d0-cc89-4524-aa5e-f53923a8cc85,True,passes,8.0,8.0,45.87890625,2.0
eb2c9b3c-1703-449a-9027-aa5510311cf0,True,passes,20.0,10.0,137.796875,3.0
47b368ec-64bd-4f77-b63e-f9fb68f87856,True,passes,20.0,10.0,127.70703125,3.0
a3b94408-7b0d-49eb-a27b-eecde016d7e6,True,passes,15.0,10.0,237.34375,3.0
4264c162-5523-45f7-a538-2468bfad6f03,True,passes,11.0,10.0,131.6953125,2.0
d19d9728-8646-41a2-b21c-218763906509,True,passes,11.0,10.0,61.7421875,3.0
e0c0ad51-0374-441f-9e4e-460f717e547e,True,passes,16.0,10.0,127.70703125,3.0
7aa492c9-a2c5-42f7-a227-24699486b8f8,True,passes,12.0,10.0,239.31640625,2.0
84db1c0a-1765-4715-90ef-afdc845475c0,True,passes,363.0,9.0,61.86328125,6.0
19b3feb3-46dc-45a8-9816-005cc176229f,True,passes,27.0,9.0,67.84765625,5.0
d1a96535-986a-453f-9cfe-6f0c2c902d3a,True,passes,19.0,9.0,67.8515625,5.0
ae279ac0-6437-4ade-b847-4681936c59b3,True,passes,24.0,9.0,62.796875,5.0
4c94ebe2-46c3-4a22-83da-5629605987ea,True,passes,23.0,9.0,67.82421875,5.0
99803592-0435-444c-9239-466435b93fcf,True,passes,16.0,9.0,65.79296875,5.0
b7dc6427-cb46-4c20-96d0-2a59b150f27c,True,passes,24.0,9.0,45.02734375,5.0
8f3f17c5-d7d0-461c-af17-2dc121edd66f,True,passes,22.0,9.0,61.85546875,5.0
c73e7239-1587-45f0-94fb-c30b2aee325f,True,passes,18.0,9.0,70.85546875,5.0
85478881-4e0b-4ba1-8f07-af3b478d9832,True,passes,20.0,9.0,65.7734375,5.0
19db7045-55fe-41a4-91e5-976fe34d4968,True,passes,25.0,9.0,63.84375,5.0
b8138e61-a900-44c8-8be2-0a6b5c353814,True,passes,24.0,9.0,63.8125,5.0
479aa511-4989-46ec-af84-2d38791a97bb,True,passes,18.0,9.0,43.9375,5.0
945300be-682b-4c4e-8046-5f5b949602b2,True,passes,17.0,8.0,43.91015625,5.0
c2901b11-77eb-4525-a20b-7e79971605c8,True,passes,19.0,9.0,62.76953125,5.0
e6131530-b302-4fa8-b49d-26e79104988d,True,passes,11.0,8.0,60.9921875,5.0
196c4f17-5ce8-4589-8367-6f23baf008ae,True,passes,15.0,9.0,62.76953125,5.0
faa1e10a-bb23-458d-8efd-bdfaa8b2eb74,True,passes,22.0,9.0,68.921875,5.0
a8c2860a-4c6e-42f8-a664-aba90c6fa777,True,passes,21.0,9.0,62.796875,5.0
d6bb4e60-0658-4319-914f-d761186f3fb6,True,passes,21.0,9.0,66.8046875,5.0
75c8d4a9-9f0e-49fe-8c75-86dd7ef38b23,True,passes,19.0,9.0,62.78125,5.0
42b50e4b-58f4-4548-b861-86703e2297ad,True,passes,21.0,9.0,127.37109375,3.0
b30bf6fc-f0ae-4cde-b61d-9acca3b4c883,True,passes,20.0,9.0,154.70703125,4.0
b3428a9a-e072-48f0-b2ed-9e6f7a2be1c1,True,passes,22.0,9.0,39.02734375,4.0
cc55386e-e12b-4ccb-a77a-859d17bcace9,True,passes,25.0,9.0,38.9375,4.0
fa64cd4d-af13-4214-b7a5-dbb65f5f818c,True,passes,12.0,8.0,145.35546875,3.0
14a33cad-1044-4272-82ec-22c298413e89,True,passes,17.0,9.0,132.7578125,4.0
1976fb7c-5f5c-443c-9bb2-4ec28bdb670c,True,passes,18.0,9.0,129.375,4.0
6125df11-f2a8-4378-b34c-dd3efea6cc3e,True,passes,9.0,8.0,91.734375,3.0
f5604902-a246-4565-931d-b023053d9ee0,True,passes,16.0,9.0,184.13671875,4.0
5c13f5b8-63a8-460f-bbd5-3f00aefddd12,True,passes,16.0,9.0,184.13671875,4.0
61802ba4-1dc5-43e2-943c-82782227e8cf,True,passes,14.0,9.0,69.94140625,4.0
613f9d53-4aa1-4713-aa6a-0c228f037c83,True,passes,15.0,9.0,55.97265625,3.0
f572d4c9-f342-44b5-ba3b-db8b0487e408,True,passes,16.0,9.0,233.19140625,4.0
61708596-7e82-4e29-a916-7ebe518f419e,True,passes,12.0,8.0,184.13671875,3.0
8f81a4bc-94bc-4a7e-8801-37cd4d82b321,True,passes,10.0,8.0,75.76953125,3.0
198ea941-bdc7-45cc-8d03-903e11145a18,True,passes,17.0,9.0,75.76953125,4.0
7fded6fe-050f-4124-b31c-af3c36104255,True,passes,19.0,9.0,61.84765625,4.0
e0ea2101-c87b-4755-bf3b-15f24b49e8ba,True,passes,15.0,9.0,184.29296875,4.0
5c4763be-3600-4fc7-ad9f-3c4144bd1c93,True,passes,15.0,9.0,184.13671875,4.0
426704ad-8c06-4fac-967d-ef4b4386e0d2,True,passes,14.0,9.0,164.1875,3.0
75810f95-9b1a-4075-bd2b-35137be48d23,True,passes,20.0,9.0,91.828125,4.0
2e48a0ee-63bc-40ae-b950-527643247ef0,True,passes,11.0,8.0,91.734375,3.0
3353a23c-6d6a-458a-9876-68df8c6ca465,True,passes,24.0,9.0,28.98046875,4.0
6bae07d9-d707-4b1a-b388-698801bba28d,True,passes,11.0,8.0,184.13671875,4.0
28bba20f-3ad5-4a78-8f4a-cbddbe7b61f4,True,passes,13.0,9.0,150.77734375,4.0
b32d6598-e5eb-482b-9f4d-4dd849be954f,True,passes,16.0,9.0,92.84375,4.0
d6d912ee-3332-4842-9033-78d937aa1baf,True,passes,18.0,8.0,90.9765625,4.0
f53ffac6-ff77-4067-be1e-9f84fe443ba3,True,passes,11.0,8.0,90.7734375,4.0
1eea553e-f7bf-4e53-b599-dd2b8411f8e3,True,passes,12.0,9.0,90.78515625,3.0
75fb0c9e-5bb6-48eb-8364-f874c31275dc,True,passes,17.0,9.0,65.75390625,4.0
949c64ae-abd2-4ebd-8355-27f03a7337f6,True,passes,16.0,9.0,61.7734375,4.0
eb0368b2-b1f4-4c03-8b77-cc48d3b219fa,True,passes,21.0,9.0,51.97265625,4.0
d1be09f6-3700-43bd-a780-037a66f6fbd4,True,passes,19.0,9.0,40.9140625,4.0
a8c0d9fc-5ac9-4e0f-9aae-05cbf6219eb4,True,passes,16.0,9.0,211.19921875,4.0
2e1cd93e-d522-49ed-8b09-4813e504542e,True,passes,12.0,8.0,197.18359375,4.0
d6e1bf7f-9a29-40b8-8a8d-6fcea39b8cc4,True,passes,14.0,9.0,197.1796875,4.0
0fadeafc-c38f-47ab-9c10-7d9125725bac,True,passes,11.0,9.0,189.09375,4.0
3d9e87cb-b382-43c0-b9e7-06d241f996a9,True,passes,12.0,9.0,91.8671875,4.0
a3bd269f-831b-4a6a-8fa4-45b574667341,True,passes,17.0,9.0,91.734375,4.0
42791015-d238-4fe9-9af6-1f49908d3f81,True,passes,17.0,9.0,66.7578125,4.0
332d4849-a862-4ca1-9149-3860c2b2c19c,True,passes,19.0,9.0,66.7578125,4.0
802a3d94-3b13-4430-8bee-90a8ec811286,True,passes,15.0,9.0,61.76953125,4.0
75f96f50-c559-4f45-a733-6a9823751d07,True,passes,15.0,9.0,61.74609375,4.0
14d53f7e-133a-433f-a110-880b4151dcfb,True,passes,16.0,9.0,92.80859375,4.0
f015b7e6-8353-4089-80a7-232ea7b356b6,True,passes,13.0,8.0,61.84765625,4.0
c793b016-4d17-48b3-9a25-3bf3a9ba3f05,True,passes,15.0,9.0,57.91015625,4.0
1ee0c83b-6c6d-424f-a13b-7f4a6a41b23e,True,passes,23.0,8.0,67.80078125,4.0
47cb6a32-9d6c-4e25-b9b1-15348026f164,True,passes,18.0,9.0,66.7578125,4.0
eb5b1812-2e33-48d5-b979-07259aaf0b00,True,passes,14.0,8.0,64.8046875,4.0
d6863107-036b-402e-9bdb-5dc4fe9e3bd8,True,passes,16.0,9.0,60.82421875,4.0
f06f8188-a68c-40fc-a82d-b3d59d2770a8,True,passes,16.0,9.0,58.859375,4.0
6b6a5fbb-08dc-4b61-a0eb-2e1665a5d9f7,True,passes,14.0,9.0,99.86328125,4.0
0a652dab-23cf-4295-af0c-8389bf0b9cc3,True,passes,11.0,8.0,61.76953125,3.0
94b2b208-7c35-4135-80b5-b2610fa1de02,True,passes,22.0,9.0,40.8671875,4.0
ffcdfc52-634e-4b3d-8a47-bc8f46b34102,True,passes,22.0,9.0,191.19921875,4.0
c71ed974-382f-451b-afc5-22b2b4f141aa,True,passes,16.0,9.0,103.80078125,4.0
70eb9df2-3eaa-4709-b9be-a8dc7801bb63,True,passes,20.0,9.0,91.79296875,4.0
5714f3d2-c8e7-482b-8f72-f893157e8f87,True,passes,21.0,9.0,69.703125,4.0
8f6d91d6-bb93-4f12-ae3b-48a0fc532794,True,passes,8.0,8.0,112.8359375,3.0
665df5c8-f741-45b2-b79a-64e0d708ad2b,True,passes,16.0,9.0,182.3359375,4.0
c27e5948-371c-476c-9b06-4677f282f1ba,True,passes,15.0,9.0,199.25,4.0
f55fbf50-48ff-4d1e-b221-5237a2377915,True,passes,88.0,8.0,140.375,4.0
23eb3617-5809-41e8-8d0c-5046a4450d29,True,passes,22.0,9.0,129.71484375,3.0
51d98fc4-9012-4e48-ae89-b03b8651499e,True,passes,16.0,8.0,99.8359375,3.0
e5ddb9a8-7f50-4b56-a9e5-d8e47abfab47,True,passes,15.0,9.0,137.77734375,3.0
0f478c5b-5dac-4982-b139-1d85d9722e47,True,passes,16.0,9.0,167.30859375,3.0
8f037829-865a-4c4d-bea2-8f4066db4e7f,True,passes,12.0,9.0,146.69140625,3.0
2e065ce4-3085-4665-99ed-88dce11eb600,True,passes,11.0,9.0,211.19921875,2.0
42b4c310-dab5-425e-a820-459137ac2ca6,True,passes,9.0,8.0,176.34375,2.0
99727a6d-a91a-46f1-8b05-44512abed383,True,passes,10.0,9.0,91.90234375,2.0
478f692f-b24f-43c4-a5d5-b2f78c567f51,True,passes,9.0,9.0,234.21875,2.0
332c33b5-181d-4fd8-af04-b7f4bb332b9d,True,passes,16.0,9.0,36.98828125,5.0
2e2e6001-ad6d-4ee2-bc18-da7f1264aeb8,True,passes,12.0,9.0,71.80859375,2.0
cc4f7dd9-b46b-4635-b706-2e1d049a33aa,True,passes,10.0,9.0,128.7421875,2.0
f5a2be1c-753a-4ef6-8ee5-0380f91c4448,True,passes,25.0,8.0,67.84375,6.0
94a2272b-09bf-40d8-b628-2731b5a7e167,True,passes,294.0,8.0,44.94140625,5.0
b3186369-9cf2-40e9-b355-4f74c52e18f2,True,passes,21.0,8.0,170.75,5.0
ade2ad16-e6c0-45d2-a888-e6bee5bae864,True,passes,19.0,8.0,65.79296875,5.0
d6cf82b4-503d-4a20-9249-beb305d91b5a,True,passes,16.0,8.0,61.84375,4.0
eb3bad4f-0379-4506-942d-655c77b7bdf3,True,passes,18.0,8.0,43.93359375,5.0
4293c032-e0f7-42c5-be55-f33e8acb8c9c,True,passes,22.0,8.0,43.9375,5.0
56f6b183-2b0f-4d01-b914-2f001154f696,True,passes,18.0,8.0,62.796875,5.0
14cba9c7-60d3-4227-b69a-cf292e1b9f20,True,passes,17.0,8.0,89.91015625,5.0
e6158e49-dab1-4f08-8a0d-1d8122427fd8,True,passes,22.0,8.0,65.79296875,5.0
5228dcba-28f7-4513-9003-68df2e0834ee,True,passes,19.0,8.0,61.85546875,5.0
2e54cc99-9332-4295-b9b2-9996253b2b9c,True,passes,16.0,8.0,61.83203125,5.0
6b9648a8-24fe-4b5e-b2bf-d5909cb8e939,True,passes,23.0,8.0,62.796875,5.0
b7d8f7be-1816-44f6-a3d5-d8dbc725bfa9,True,passes,19.0,8.0,44.9453125,5.0
dbf95205-a2a4-4948-92a3-0910e28e1ab5,True,passes,19.0,8.0,43.921875,5.0
8a5967b9-23b8-4658-9bfc-8299aa0ffdd3,True,passes,17.0,8.0,43.91796875,5.0
9962f677-a66c-4d4c-a4d3-966f661ecb06,True,passes,17.0,8.0,66.78125,5.0
fa6c7824-a14f-4d6c-a7d2-fc0e3ef49527,True,passes,19.0,8.0,62.796875,5.0
8509609d-e8be-41c1-9f9f-30f515adee9b,True,passes,13.0,8.0,44.92578125,4.0
51bd1bdf-b454-4d6b-96f7-dc8c2e51f50a,True,passes,20.0,8.0,43.9375,5.0
add9cf5f-7bb6-449f-9fe6-eccb20dd131f,True,passes,25.0,8.0,69.80078125,5.0
33074669-6bc5-4de0-8694-7ed48dcfe81c,True,passes,19.0,8.0,66.80859375,5.0
0fa48d4d-14d5-4e01-91fc-697c03d77715,True,passes,20.0,8.0,63.81640625,5.0
b33c3f8c-fdc4-4d8b-80c4-deb86ea0ed0a,True,passes,20.0,8.0,43.9375,5.0
14a05637-24a8-44fd-9d41-c73c548c0997,True,passes,19.0,8.0,43.9375,5.0
8f0dff78-adce-474f-a6a5-465f8c17163c,True,passes,19.0,8.0,43.9375,5.0
cc951e5b-a2d2-407a-afc8-3b77eea9ed04,True,passes,16.0,8.0,70.80859375,5.0
d696e0ba-c42a-48b2-afea-e5c6eea9603e,True,passes,14.0,8.0,64.7890625,5.0
853007c6-5bbd-43f1-9b16-a1495386191a,True,passes,21.0,8.0,62.80859375,5.0
6bb8eb30-1e23-474f-a353-8ca1965de276,True,passes,17.0,8.0,62.76953125,5.0
ffc18bbb-a768-4c9b-a533-d7b1c4fc5897,True,passes,21.0,8.0,62.80859375,5.0
94838e52-b8b3-4069-9266-27bfda9a01f5,True,passes,20.0,8.0,61.84765625,5.0
b82b2c40-40f5-4ab2-9cc3-00a5365fd796,True,passes,21.0,8.0,62.796875,5.0
9992582e-327d-4a54-adc7-347e7512c9de,True,passes,22.0,8.0,66.796875,5.0
0f61b2f2-34e6-447c-bcec-64a20e2d2e45,True,passes,19.0,8.0,65.8046875,5.0
7ffcc85c-129b-41a6-a73c-21e6456fd036,True,passes,20.0,8.0,62.796875,5.0
3d7569cf-c03a-4f0f-8485-0678ea1ad2ea,True,passes,20.0,8.0,65.79296875,5.0
8504d779-e452-4e51-bfa3-6832f460780e,True,passes,22.0,8.0,66.80859375,5.0
7afe75c0-e351-473d-9c09-99935e42a6f0,True,passes,22.0,8.0,127.36328125,4.0
e5fc7175-c3c9-4c7a-b081-bf8940427024,True,passes,13.0,8.0,205.140625,3.0
c22fbbd5-a80c-4e4a-829c-8d2841438520,True,passes,14.0,8.0,202.1328125,4.0
a8d27e01-1dee-43ff-b32b-4bc0c2fd3dca,True,passes,17.0,8.0,143.734375,4.0
708310fb-05e6-4b4f-8bdf-5ff2575d2d40,True,passes,10.0,8.0,137.33203125,3.0
7fb3a836-34bb-4ec3-ac5e-3389a2ae803f,True,passes,17.0,8.0,78.76953125,4.0
8f4110e7-eae5-401a-9262-4ec04abf9507,True,passes,17.0,8.0,61.796875,4.0
b834930e-b62b-403f-ba21-8419a1cb4b6e,True,passes,21.0,8.0,48.93359375,4.0
66752880-0a55-49f8-80f4-22fa39764300,True,passes,9.0,8.0,228.203125,3.0
bd62a5c8-ac93-4047-9b31-cda580b50dae,True,passes,17.0,8.0,127.359375,4.0
f57c23ca-1d6b-4cd2-af4b-5c3607de73c1,True,passes,17.0,8.0,64.8203125,4.0
a38f5bcd-a09b-44fd-9b04-b8144afe6f95,True,passes,16.0,8.0,62.7890625,4.0
28d3bed3-35ea-4e15-8380-136c5976d156,True,passes,15.0,8.0,109.8203125,4.0
4ceb5c23-8eea-4b95-9425-64ffa3b317b5,True,passes,16.0,8.0,106.7890625,4.0
fab3d203-3321-450c-a596-760b42358977,True,passes,12.0,8.0,64.76953125,4.0
291fdc53-e86b-4e41-9ba2-f2263c244f2e,True,passes,8.0,8.0,44.9453125,2.0
84f46abb-af41-48fc-93b2-75c516080c40,True,passes,19.0,8.0,39.921875,4.0
477509dc-ffcd-4d55-96ce-97369bb5f99f,True,passes,16.0,8.0,140.3671875,3.0
ae00fe89-00dd-4f21-bed0-3dfb7e63ba3b,True,passes,11.0,8.0,74.8203125,3.0
945f446d-1a7f-4d31-9cd7-3bc7ad4bf2c2,True,passes,16.0,8.0,67.90625,4.0
759b6a23-c10e-4934-a35b-891205d706fe,True,passes,14.0,8.0,60.89453125,4.0
ff923bdf-6eeb-443a-bf78-f01ce3e9c09f,True,passes,15.0,8.0,60.8671875,4.0
b7d4a263-7c11-4149-9bb7-6ae5e0975a3d,True,passes,20.0,8.0,48.9296875,4.0
0a21a489-ad24-4740-8248-f3285ca7b3e0,True,passes,16.0,8.0,189.09375,4.0
666982cb-347b-456b-9f57-b3b72948ffb3,True,passes,18.0,8.0,67.734375,4.0
66850686-b8a4-439e-992a-0e0f71686250,True,passes,21.0,8.0,64.7890625,4.0
a91d4baa-2c02-47a7-9698-64c015a7d1d2,True,passes,17.0,8.0,61.80078125,4.0
7af44deb-a7b8-4c32-97df-4ebfa42515ff,True,passes,14.0,8.0,60.8984375,4.0
db9098d8-edbc-4da7-b872-1a9be5f66cb2,True,passes,20.0,8.0,40.91796875,4.0
c794f921-c71f-4f0f-aa1d-38d5a4a52d19,True,passes,18.0,8.0,40.8515625,4.0
51fe573b-dfc0-4d64-aaab-65e504a66c38,True,passes,12.0,8.0,92.8125,3.0
fa9b5c90-7f28-44e7-94a3-7828dcd82fea,True,passes,16.0,8.0,88.859375,4.0
eb488281-2ae3-41b4-9482-0d88fa8a0f69,True,passes,13.0,8.0,66.8515625,4.0
5c67d3a4-9f3e-49f0-a127-d746eeea30ff,True,passes,15.0,8.0,64.7890625,4.0
709f9b7b-bd36-4998-b27e-6921616da163,True,passes,17.0,8.0,68.84765625,4.0
8a3655ea-8281-4baf-9af3-b8140ea30902,True,passes,15.0,8.0,61.859375,4.0
42575460-7223-479d-ba11-d7bdaae9df77,True,passes,20.0,8.0,41.87890625,4.0
b32cc211-b8f4-424b-b805-86ac6e9b9705,True,passes,11.0,8.0,109.875,3.0
61863dbd-f655-49ca-9ee1-492612c55470,True,passes,18.0,8.0,71.87109375,4.0
33861c72-1e18-4a3a-8cc8-5f8715ed8ec7,True,passes,14.0,8.0,127.36328125,4.0
eb5c0edd-36da-45f2-9860-ae499ae219d6,True,passes,11.0,8.0,105.86328125,4.0
3dabe646-d4a1-467f-8052-e6fc78816677,True,passes,16.0,8.0,61.81640625,4.0
ffab5473-5838-4d98-b70f-7e2690b3818c,True,passes,16.0,8.0,61.80859375,4.0
d6d96288-9a77-47be-accc-a11afe92f430,True,passes,21.0,8.0,40.9140625,4.0
61851546-95f7-4d28-b369-767eab418632,True,passes,16.0,8.0,107.7734375,4.0
6680d413-9d7c-4abe-8551-31ff0773554d,True,passes,14.0,8.0,88.91015625,4.0
148bd14e-c5e1-407a-bd67-19a2762956c2,True,passes,11.0,8.0,71.76171875,4.0
4c993351-b261-4b8e-a0a6-eab54fbe9a54,True,passes,18.0,8.0,64.74609375,4.0
c2320660-8983-42af-b413-b94a1027ff03,True,passes,11.0,8.0,57.78515625,4.0
c26a52d8-1896-4823-b16b-781e12c1c321,True,passes,19.0,8.0,40.91796875,4.0
28cb1780-52c7-4985-b3c6-51b7da881e00,True,passes,18.0,8.0,66.7578125,4.0
8a0eeb67-4734-454b-9abb-fb91a3bbf21d,True,passes,15.0,8.0,66.69921875,4.0
eb3c2b39-35c0-4f76-9abe-628a83eb6ed2,True,passes,17.0,8.0,63.86328125,4.0
7ab1ae51-c063-4b7a-a3b2-26100786e9f2,True,passes,13.0,8.0,61.828125,3.0
1ef17e83-7b1a-4efc-bc64-191c465bb3c8,True,passes,9.0,8.0,60.8515625,4.0
c75897a4-4950-4f50-9295-1cec3b9535b3,True,passes,16.0,8.0,43.98046875,4.0
bd46ff79-fb1f-4531-a621-35bbbba26522,True,passes,20.0,8.0,41.81640625,4.0
a3b3af41-a9c2-43e5-a3e2-6773bdae1811,True,passes,10.0,8.0,228.18359375,4.0
7af15003-1782-43a5-9f6a-e55cb3bde5af,True,passes,164.0,8.0,113.83984375,4.0
610e2096-76e0-404d-917f-76d00f287b56,True,passes,158.0,9.0,71.89453125,4.0
47b842ba-01bf-4014-b664-7abe85e294da,True,passes,71.0,8.0,109.8828125,4.0
d6a27b30-431a-4e0f-aab9-a1be452a708e,True,passes,21.0,8.0,127.71484375,3.0
e6083642-9bc9-4b53-8d2a-ce3284551c03,True,passes,21.0,8.0,127.7109375,3.0
23b56492-dc10-4fa2-9552-b8e1bad6cce6,True,passes,209.0,8.0,95.71875,4.0
19da3153-b8e3-4859-ba14-b1f358334bbb,True,passes,17.0,8.0,189.09375,3.0
7fb1a56e-ee90-4ff9-be3c-fc7a07a84049,True,passes,11.0,8.0,127.3671875,3.0
6b72bd9e-789c-4a7f-9b63-988257d98405,True,passes,11.0,8.0,210.1796875,2.0
944b92b8-5db0-466a-afca-6d364bb59da3,True,passes,9.0,8.0,61.73046875,3.0
80158132-adfb-4527-bc43-45f3876dbf9d,True,passes,9.0,8.0,40.953125,3.0
9486b8bd-fce8-4129-9b1e-2df457ed4993,True,passes,11.0,8.0,127.73828125,2.0
61494af1-a1e5-4f33-a133-cfc7de0ca97c,True,passes,11.0,8.0,132.35546875,2.0
56d49664-c896-4b1e-a21c-5868ce63ef14,True,passes,8.0,8.0,88.796875,2.0
52252300-a09e-4a4c-adef-38632581b562,True,passes,10.0,8.0,131.6953125,2.0
00429afb-c43d-4215-b106-dd87b673c8b8,True,passes,8.0,8.0,131.65625,1.0
94799a88-ea9a-4d00-9ab7-173c9050af5b,True,passes,9.0,8.0,114.78515625,2.0
476a6c12-99d4-4993-aa88-1663d71bb814,True,passes,8.0,8.0,127.33984375,2.0
94680dea-92a2-42c3-aa2d-9535284edeb3,True,passes,18.0,9.0,172.32421875,3.0
