SNID,status,max_rhat,n_obs,elapsed_s
dbce04ab-1a55-4d43-abb2-b24a53e4fb2a,marginal,19600.206120503837,89,41.3
99b9f8a7-c1e7-4b2b-991e-eee821e2bb0c,converged,1.0008686617094138,115,30.6
51f4ad79-e171-4a85-ac92-b8889ea95d8e,marginal,4.33413396215834,90,159.8
0075e4a4-4237-4d2b-bed5-3b1715a424bf,converged,1.00344071188138,94,29.0
66949c7f-8fc9-43c8-9f8f-37e0c05fa4cf,marginal,18.92931413301469,98,630.6
8a172038-854f-4568-a1c4-93e45d6d8f3f,marginal,123.57734167991518,58,228.4
7af4e4bc-837b-4148-a3b0-8eb3721ab9c1,converged,1.0084297855729842,63,385.1
9ee76da2-4c75-4428-9c26-18a19b6a246d,converged,1.0058603605860534,724,169.3
75bd15f4-a980-4ab6-845e-190d3ae5f78f,marginal,2.0639803362228313,66,680.2
e5fb7c3e-a353-410e-b73b-e2b2a58c9244,marginal,41.67208833929906,42,488.8
e0daba4a-1595-42ea-8d65-e241de54d30c,marginal,59.87547866834774,45,294.0
428de9ae-babc-464f-8413-cb356355cc75,converged,1.0035291952032166,36,241.4
7fe574a2-5578-48c9-b740-2cd56a1cdcf5,converged,1.0033928583773515,70,149.6
8f156832-1cb6-49e8-a3d4-b5bf27fc0ba1,marginal,2105.3850090196047,37,31.6
94acc0b6-74fe-4fef-94a2-f6d94144e0fa,marginal,5.878229925334238,41,667.7
6b793bea-4f5d-4c2f-9f48-ce26fb0883b1,converged,1.0030196647391392,710,32.1
56f648e6-f83d-4fd0-93bd-7a76c5787806,marginal,9.189187228758128,45,225.6
f06e67e6-4f1c-4595-b480-c3b5c3ff2e05,converged,1.015140828296105,32,254.2
ae1902ac-da9e-4e18-999b-8467a29f1910,marginal,23.908085329833945,32,265.1
28e05bba-4a1d-4549-993d-40ca245caa5a,converged,1.0024384920876324,37,20.0
29243d62-00c8-464c-84a8-60f5f554a591,marginal,128.02908149380374,43,232.0
2e388047-2e9f-48b5-9680-59350f4bc3c3,marginal,60.64681290093,34,232.9
ae06c839-2edf-460c-a63b-a6ab3044d03c,converged,1.0195275150325955,41,221.2
f5a670dd-3230-4454-988f-07dbabd5bc98,marginal,12.606290638942488,31,258.3
38a08452-7689-443d-b205-1f8ef06ab31b,marginal,12.10162730057909,28,205.5
9ea22ec3-3b37-4c49-b81d-8c2ea757f86f,marginal,25.450095749023312,28,253.0
a91fcc62-8572-40d1-984b-9f77daa69f0a,marginal,72.06846242759785,29,314.2
99b46eb8-f65f-4f8f-b7d7-96b8607f34ca,marginal,81.81594569007649,38,234.8
6b4b19aa-9f46-488f-821e-d021e3380e90,marginal,25.97095253301219,34,243.2
dbf14a27-ed8f-43d2-9263-de157d67b408,converged,1.0083653941020139,22,251.6
cc4eed84-e454-4d18-a8f7-4144ebcb99cf,converged,1.0103540490756682,29,134.3
9ec72bf7-8e77-46dc-897f-983a248da89d,converged,1.0114159988425457,26,182.8
5c0eb080-caad-42c3-bb1b-80634756470c,converged,1.0079270926422785,16,179.7
850ab331-2c8f-4a3a-9744-a5c6433d9a83,converged,1.0028712843526333,28,23.4
38733078-e3b2-4817-9a86-64cae48a35fb,converged,1.0162524435661333,33,280.9
99cb370d-497e-4610-bd8e-1c4b47cb80e4,converged,1.0154664008733825,22,245.0
4c984238-a459-481a-9b29-3030bc0d0c25,converged,1.0037596708714864,28,22.1
1ecc74e3-1cf5-4537-b442-818e62956955,marginal,41.06873993930094,24,237.0
664e4274-1823-4d23-8cb1-c56c915b026b,converged,1.0197465200821694,33,266.3
8a4b5373-7e77-4f75-a40b-12331c89b0b8,converged,1.0081574814512166,24,169.6
c2647c90-a7a0-4a5e-8dac-05e064e504a5,marginal,21.366993584370967,24,197.4
9e7a3852-8657-41e4-a88b-8c17de7fbe27,converged,1.0033797340161061,21,31.3
3376c13f-9a2b-407f-99d4-1b91424dd7ca,marginal,12.181143520800433,38,283.8
b2c8126e-9b50-41aa-af35-09b42c35b886,converged,1.0060637508712222,164,94.6
e0cd6b6f-764c-4eb3-a059-d31f1bccb28f,marginal,23.29821928294442,28,295.6
70913912-31ce-47bc-86d3-a65cf07302b3,marginal,41.333691816743055,221,360.3
a3b8a62d-1b1a-4d0d-94d2-69b826ed7273,marginal,24.554620429530193,16,120.0
6b8ebd4d-5bca-4322-a9d7-0717adf64f7b,converged,1.022258274641482,50,230.4
0068d229-0b49-4dae-9d47-4e6d8caa3e5e,converged,1.0165218587506282,36,341.0
1ec8712d-5fd3-4512-9622-9aa9736cedb3,converged,1.004292538923719,24,25.5
42882bdb-f108-44b6-a7eb-e6bfcc70816a,converged,1.0029811442842864,20,32.2
e120c320-c808-4d68-89e8-60abb88b9051,converged,1.0036173869285443,18,24.5
84ccc74d-d7e3-4144-9d6b-11b4ff401275,marginal,1.0692351764793298,19,141.8
947df85a-e2fb-4b88-921d-3352dc48e4cf,converged,1.022020382868019,15,69.8
4286cde7-939f-4c29-bcc1-0cc73ed1e5cf,marginal,22.549318898073246,119,191.1
7fef75ca-ae00-440e-bf3f-1f951ce27c63,converged,1.0031662232217415,20,23.9
147b63ae-3067-4b29-8844-994a86a14bca,converged,1.0035937835428268,19,34.2
5c20ee26-fc11-4838-9a92-141414ceecc8,marginal,161.03949722975952,27,220.8
a3dc9903-3b1c-4201-92fc-0eeb4074172f,converged,1.0313392248786668,15,171.6
fa8dc8f3-b390-484f-b77a-2836f49dd5aa,marginal,6.166375174917176,18,132.9
7ad95e13-2a51-4b31-9573-4b56a6d54c0b,converged,1.0023506577455208,19,22.6
d6f32258-b3a6-4cc8-afa8-cffcb927dcfe,converged,1.001371756434474,20,34.9
3375c5a4-933c-4867-8710-ce973f5d5a2d,converged,1.0160817546538117,20,289.1
1e9cefe3-9b60-4b60-a9b7-3d259c92af28,converged,1.012453976080647,16,37.4
ae279ac0-6437-4ade-b847-4681936c59b3,marginal,8.584776838032976,24,150.5
faa1e10a-bb23-458d-8efd-bdfaa8b2eb74,marginal,43.84576125522263,23,264.9
b3428a9a-e072-48f0-b2ed-9e6f7a2be1c1,converged,1.0084292818876723,22,489.6
613f9d53-4aa1-4713-aa6a-0c228f037c83,converged,1.005500285974491,25,35.0
b7f128f7-df56-47c8-979e-79da6d1f012d,converged,1.0130946800969176,17,71.2
d6863107-036b-402e-9bdb-5dc4fe9e3bd8,marginal,34.159946608662985,16,204.1
6b6a5fbb-08dc-4b61-a0eb-2e1665a5d9f7,marginal,34.97951968677515,15,89.4
5714f3d2-c8e7-482b-8f72-f893157e8f87,marginal,12.697055633683416,22,163.0
8f6d91d6-bb93-4f12-ae3b-48a0fc532794,marginal,10.228312495105122,16,60.0
0576b7de-683b-4dd0-8b32-6eafb63ff5b0,converged,1.0023406429968955,15,27.0
6673d6cb-b912-4af4-847a-08a75f492d35,converged,1.002419322234246,18,22.1
0f478c5b-5dac-4982-b139-1d85d9722e47,converged,1.015655583186864,16,172.1
8f037829-865a-4c4d-bea2-8f4066db4e7f,marginal,1.1552788465090795,12,238.0
eb3bad4f-0379-4506-942d-655c77b7bdf3,converged,1.0048667737476955,21,37.5
fa6c7824-a14f-4d6c-a7d2-fc0e3ef49527,converged,1.0030586791395386,22,33.2
8a6a1fb5-9460-4306-bc71-6f1539c944a4,converged,1.0054622904207173,22,31.3
6bba6399-9729-4a8b-b7f8-4477cde32004,converged,1.0050596271686947,24,264.5
8a120a8f-a01b-45b9-8622-d67f4b8a58ab,marginal,103.0746029375496,22,181.4
945f446d-1a7f-4d31-9cd7-3bc7ad4bf2c2,marginal,7.991679408723866,16,141.6
c74f1b34-605b-4477-bae9-45568a15c64b,marginal,18.84619580387884,21,210.0
eb3a154d-f8dc-47fc-8f00-4e057179d0bb,marginal,16.68162652676024,21,234.5
8a0eeb67-4734-454b-9abb-fb91a3bbf21d,converged,1.0048779555916878,15,98.4
c75897a4-4950-4f50-9295-1cec3b9535b3,converged,1.0089487624117288,16,68.8
3881e9de-3974-4edc-94ba-740c9722a7a3,converged,1.02844743943825,14,179.4
19da3153-b8e3-4859-ba14-b1f358334bbb,marginal,4.828374042001477,17,180.2
944b92b8-5db0-466a-afca-6d364bb59da3,marginal,9.98223010819597,9,174.9
8a1d3b39-6646-4fa1-9758-655cea2a4116,marginal,53.450748721866,27,511.2
f085ef3d-6e66-4eec-80b9-e556d1fb11ed,converged,1.0025474011774118,24,23.1
b809616a-4b1a-4920-a9a6-3642ac99284b,marginal,29.819925005468768,14,101.4
707e2fdf-3cad-48ce-b3a5-f6f72af53faa,marginal,16.02380921205815,17,256.3
999582f2-0705-48eb-91e1-0d51a728219a,marginal,20.590498884954773,14,152.2
000d948b-2c8c-4008-9438-1aa93db9f293,converged,1.0053781548145777,14,23.2
757fed1e-772d-476e-b01b-815e4ec89e9c,converged,1.0020269566165634,14,24.3
d1983404-e1b1-4a3a-83e5-23127cfb9306,converged,1.004508450744712,14,22.1
75c5024b-fa5f-423b-a191-41aa89b938f8,marginal,17.704398061321957,17,190.8
9e9c17c0-ce86-4f97-a842-85f3a9b23dc3,marginal,8.999053105077708,14,125.2
99be67c6-7328-48f3-ba56-3ac20ebb4912,converged,1.0058089718302523,12,300.6
330a4261-5ab2-4faa-9c7f-2bf343a76e2f,marginal,11.590069725709002,11,123.2
e10f7cbf-0d69-4b89-a2c1-7f91864a7fdb,converged,1.020562902208074,14,113.6
ff8ec46b-a410-4e42-b7c3-c4d2e25d43d0,marginal,26.5297878295142,17,153.5
14673160-b250-4615-b64f-9a2328a53e74,marginal,70.91904673070275,14,622.5
f56e090c-6781-41d2-a22f-71f3ef451a5f,marginal,10.678391812253754,14,218.5
6679015f-eead-4a6a-88f4-478bb5744f0b,converged,1.003602973599851,10,27.6
94680dea-92a2-42c3-aa2d-9535284edeb3,marginal,84.27906186722801,18,146.7
d6dc7164-fa1b-4431-929d-6061529e634e,converged,1.005075624254062,20,32.6
d6acb288-f3e7-40a2-99c4-26b417241998,converged,1.010986076157983,15,26.8
3371c60b-d2fe-4a17-b3a0-7519b9ab0797,converged,1.0026348767620896,13,22.4
612c98d1-ab8e-44e0-8688-85923f81616e,converged,1.003542200081117,15,21.4
70cb1f77-d529-48d2-be90-faf5b85255ff,marginal,1.0677034716181115,10,430.5
4c9c26bf-0698-40f6-8258-55c44d040042,converged,1.0055756349083924,13,43.4
70806678-b90e-42ab-8fa2-989b9f52fb7b,marginal,273.19534911210843,9,400.9
38258539-6da5-4a67-a8f4-a399b34ec1a9,marginal,65.6080925513599,16,173.9
c725a15b-f44e-49b7-8527-68ae365b6940,marginal,1.1212686237550278,15,261.5
8a225582-87a1-4394-b2ad-c18c008b0389,marginal,145.28888910408392,9,307.5
51bed576-39ba-4d45-ac4e-69e2766532cb,converged,1.0105038387230274,8,71.6
3330a175-46e2-4b8a-afad-dddac1aa97e4,converged,1.0043884979933402,10,24.2
5737cff0-4d00-49c6-bbe4-0ebaab882d1f,marginal,1.0803658965694243,10,55.2
3dc12c1d-f8e5-4eef-832c-7fa60a37f5b3,converged,1.0048495021073083,12,20.9
eb6a5ff5-7ad0-4d0d-934d-cb8ac0e632aa,converged,1.0022608438062004,40,34.1
198912f2-b743-4836-bcfb-ee6095f8ed2d,converged,1.0019006076303,9,20.4
332c85fb-eb8d-4143-a3a7-7997c86ba415,marginal,23.422185919159322,18,290.5
b7e25861-ac0e-4bb5-af11-6fa005b8c1d2,converged,1.0054984449720639,18,34.5
c755bced-a557-4dcd-9236-ed1eebd6f4ac,converged,1.0173275268653899,18,223.3
f04310aa-c418-4593-876f-3ba9ce70fce1,marginal,11.07057933083517,18,75.1
9ea0f43b-4f45-4020-8cb0-c317c2446bcb,converged,1.00580946556496,16,23.6
d1989d37-93c5-4d12-a436-c4bfa6c5fd80,converged,1.0021285176984531,15,19.1
6bbe0f48-8675-4ffa-88f6-1e8171de8775,converged,1.0043986029121523,15,24.1
f578273e-b2a4-4cf7-b92b-bdd5329c2ac0,converged,1.0055985460542518,15,23.6
1ea26abe-c770-48c2-be09-4669f182e4e6,converged,1.0059572206873544,12,136.2
e12b0b66-d4f4-4dfb-acaa-bbb7caa81c8e,converged,1.0021689684492006,8,32.4
240099bc-605c-4673-b66a-632d58aaec6b,converged,1.0068837730738074,11,117.8
290bb3e4-ce8d-4889-adef-5def25e7d5c7,converged,1.0053793879096484,12,260.6
8a03765a-fc11-437f-81c6-47e420052419,marginal,46.4845173266519,12,124.3
dbe804bc-0d02-4446-bfd9-e46f14b40e33,marginal,28.273653671053697,12,109.0
7aaaf7e7-7c51-4792-a051-f47457ed8347,converged,1.0048497992611216,9,19.7
995a24bf-65c6-4a85-96ff-8d272aa96fe3,marginal,19.753152139754842,11,117.2
56dea9e6-32a8-4a0a-bf63-3f6ddf46da4f,marginal,40.14884759860082,12,256.3
0a872892-0987-4368-b032-abaa3765e5dc,converged,1.0078508854638089,12,205.6
14c31ae4-aa50-495a-8bd5-5f7f9bd11640,converged,1.0024252601790087,10,22.9
1ecbe89b-88df-40a1-bfa1-974094db9185,converged,1.003101633711848,8,28.8
d678a8e0-5367-4b2a-bd49-13cfff253ee1,marginal,14.379390143246798,11,60.4
9ed73082-9254-4288-a1b5-d0173caab372,marginal,23.414353319928964,10,281.0
3329cae5-5c0c-4558-bcf3-16635159fb42,converged,1.0045752717434964,10,19.9
6652a19f-31c8-41d1-8d2e-c8d4c18f11fb,converged,1.0039858045662227,8,22.5
b2d9bb92-caf2-4b25-8307-eb7926de64e9,converged,1.0076692373564768,8,19.1
eb6ae8b2-f768-42e9-afa8-dd67d53c48af,marginal,12.392677152951885,9,258.8
5c1843b3-c36c-4e33-b904-0330356760a3,converged,1.0040188713045832,9,19.5
